Number,AQI
459,45.0374506067
460,31.1727603732
461,27.2343506923
462,23.9480149584
463,40.1320486395
464,22.4367090288
465,25.7508980159
466,28.7994981678
467,26.5525507839
468,27.0072604821
469,30.8003598031
