Number,AQI
459,47.796412677
460,38.363429399
461,38.6096677743
462,32.6550076982
463,45.2576906289
464,34.571203957
465,37.974294594
466,37.8001951363
467,32.307125715
468,40.5791926824
469,42.5411280082
