Number,AQI,TestAQI
459,45.0374506067,43
460,31.1727603732,24
461,27.2343506923,23
462,23.9480149584,23
463,40.1320486395,45
464,22.4367090288,27
465,25.7508980159,25
466,28.7994981678,22
467,26.5525507839,30
468,27.0072604821,24
469,30.8003598031,28